country,hyperlinks
Australia,http://www.callcredit.co.uk/media/503350/cameo-australia-table.pdf
Austria,http://www.callcredit.co.uk/media/53177/cameo austria table.pdf
Belgium,http://www.callcredit.co.uk/media/53184/cameo-belgium-table.pdf
Brazil,http://www.callcredit.co.uk/media/53193/cameo-brazil-table-v20.pdf
Canada,http://www.callcredit.co.uk/media/53196/cameo_canada_table.pdf
Canada,http://www.callcredit.co.uk/media/53196/cameo_canada_table.pdf
Czech Republic,http://www.callcredit.co.uk/media/53202/cameo_czech_table.pdf
Denmark,http://www.callcredit.co.uk/media/53208/cameo_denmark_table.pdf
Estonia,http://www.callcredit.co.uk/media/53214/cameo_estonia_table.pdf
Finland,http://www.callcredit.co.uk/media/53276/cameo_finland_table.pdf
France,http://www.callcredit.co.uk/media/53282/cameo-france-table.pdf
Germany,http://www.callcredit.co.uk/media/53288/cameo-germany-table.pdf
Hong Kong,http://www.callcredit.co.uk/media/53294/cameo-hong-kong-table-v20.pdf
Hungary,http://www.callcredit.co.uk/media/53297/cameo_hungary_table.pdf
Indonesia,http://www.callcredit.co.uk/media/902871/cameo indonesia table.pdf
Italy,http://www.callcredit.co.uk/media/53309/cameo_italy_table.pdf
Japan,http://www.callcredit.co.uk/media/53315/cameo japan table - 2013.pdf
Korea,http://www.callcredit.co.uk/media/53321/cameo-korea-table.pdf
Mexico,http://www.callcredit.co.uk/media/53324/cameo_mexico_table.pdf
Netherlands,http://www.callcredit.co.uk/media/702786/cameo netherlands table.pdf
New Zealand,http://www.callcredit.co.uk/media/53336/cameo new zealand table.pdf
Norway,http://www.callcredit.co.uk/media/53339/cameo-norway-table.pdf
Philippines,http://www.callcredit.co.uk/media/53345/cameo philippines table.pdf
Poland,http://www.callcredit.co.uk/media/53351/cameo poland table.pdf
Portugal,http://www.callcredit.co.uk/media/53747/cameo portugal table - 2013.pdf
Portugal,http://www.callcredit.co.uk/media/53747/cameo portugal table - 2013.pdf
Republic of Ireland,http://www.callcredit.co.uk/media/53753/cameo republic of ireland table.pdf
Romania,http://www.callcredit.co.uk/media/53756/cameo romania table.pdf
Singapore,http://www.callcredit.co.uk/media/53762/cameo-singapore-v20-table.pdf
Singapore,http://www.callcredit.co.uk/media/53762/cameo-singapore-v20-table.pdf
Slovakia,http://www.callcredit.co.uk/media/53765/cameo slovakia table.pdf
South Africa,http://www.callcredit.co.uk/media/53771/cameo south africa table.pdf
Spain,http://www.callcredit.co.uk/media/53774/cameo spain table.pdf
Sweden,http://www.callcredit.co.uk/media/53780/cameo sweden table.pdf
Switzerland,http://www.callcredit.co.uk/media/53786/cameo switzerland table.pdf
USA,http://www.callcredit.co.uk/media/751199/cameo usa table.pdf
UK,https://www.cameodynamic.com/
